Product,TotalSales
PRODUCT A,149205.77019119263
PRODUCT C,140182.07009220123
PRODUCT B,137483.74013328552
PRODUCT D,123645.25966072083
